4591340,1966469,6180029,1184614,8044923,3426812,954438,6616947,8572633,5004449,1913210,3269869,7832455,7650668,3259349,2719737,9497876,2522446,6332707,2208605,6382816,4178901,1194244,9534509,9561222,4863463,6401787,2210872,2987204,4316071,2122878,5910354,659179,4171832,7483689,3324183,2646065,3013073,2252988,5544062,7801422,2805786,6959593,9799016,4192737,7671210,5378213,4816963,781108,3136769,4965111,5484232,1899252,266249,5318714,441664,2074968,1849927,3042481,8461876,4282178,6659683,3404390,8044407,9264176,1660001,7044995,4691080,5636419,4673857,7227732,1492366,3093575,8280163,5529986,5404524,4966950,9089119,9932107,9698305,8625800,3953076,5459105,841455,596354,855777,1334767,4035310,2358399,6888217,221800,7245816,2066410,7913069,6253968
9841123,5372604,5278079,1545326,4063910,5468118,4453203,9739053,2040345,3661503,252386,6537661,8432851,5103706,9693833,8369147,2011188,8684428,5874934,9640451,4143107,105284,3062816,7714945,5283602,2961309,7784794,9485879,2977054,2917101,5414311,39690,7428597,9103874,241589,7715217,9144715,9637933,1837934,5950170,9724368,623012,4013441,8907900,248450
9648189,1592237,8860741,9096427,1992955,9504623,4629684,2993644,5258635,3677393,8737305,9187178,4273079,5042707,2597959,9431946,7638584,2151280,4619637,4514701,9294184,187606,582767,446435,730903,2759303,8198473,5436691,2230255,3266236,4303558,3818637,8059351,2476351,5056338,4379568,2668429,7170126,9700942,2503329,9105461,9555378,3268067,2422480,981791,4063626,2658118,138332,9866161,3415503,8150641,2576148
4756096,1656992,463984,2120788,209759,9928940,4212516,7481488,7957190,9677103,6291018,4558497,5295182,646981,7079491,4273293,341903,9391562,1955639,5920790,7139831,2890146,1692437,170737,175996,4199651,8491215,1068558,8449607,5493975,7337708,2867173,9221749,7760853,952420,1609248,4476934,1666231,5298399,8246256,2594158,2458183,3053018,7662007,3559873,4352363,3755034,2670436,211048,3377392,1199139,4938044,2789059,9757592,1238960,4276491,807415,8251297,5121187,3251679,1041854,5289798,5678182,1487640,2453481,7337209,8190402,7772702
3673300,1227312,4715589,929202,7822437,7803327,9509069,5652809,7600312,8192623,4598395,1511960,7596114,8337239,7396877,5745685,8020122,6976958,4190427,3242162,3210345,5582684,2966215,9637178,3790438,19043,4187563,4335347,3179213,6460624,5922693,1429222,4893323,6042352,3095896,5245596,8867132,309363,9541656,2012286,7615265,477625,9675818,7230888,4301303,4180101,9281246,7569196,6415169,6901305,1724528,8154149,7958600,4837503,5962640,6180028,3775726,750937,7537,1415736,4523369,5210171,304056,9528583
3608667,3286227,7608977,6771340,4460402,3352141,1821509,9489114,1726553,9229561,2852609,1221585,4121222,2177569,7884560,5068340,3544145,4409017,7438693,6864454,2921600,2890640,1375598,8126393,8914361,4655238,811398,515780,6765202,3760112,84150,9042694,7629272,8257227,9363757,4446498,7724043,5807011,6064899,9415293,3683609,9319175,6566297,8415353,1740757,8891936,9526353,3592150,7760330,3026399,5615526,9071098,6145265,8727955,1991173,6802048,7934700,5699135,8138728,7878678,9400783,6904614,6622955,8889343,307725,2213741,8430271,9261249,2421940,656727,6398126
3401624,3441991,7255438,9127046,952229,2145343,8006991,700218,8434535,2879263,7207459,4067632,6864241,3388053,483043,3729268,2419329,2171162,3632159,8106414,6520970,6111583,4087693,9800403,516581,509733,4923439,9118556,9004212,2086022,8547974,735307,129013,7790183,9414086,5261594,5355042,7104363,7247949,3367717,942938,4203421,3311422,6447623,7181704,8695967,2617074,988460,1668094,1256460,2111046,9142536,9204896,750759,788708,6824151,3658163,6207034,1519817,9121570,5482629,1747937,6832411,755402,7054402,7673486,9756647,1255441,679880,5910418,1615024,4021083,1371303,2244549,4638358,5837181,7319125,5832541,8744766,7879768,6544311,541831,739670,2549081,9522641,136797,8770133,1871305,7994457,558141,9764592,3070817,571617,321281,7207855,816981
5980061,5783271,25080,8229399,5812337,8875304,7104291,9598970,9727971,2780268,2713073,2046474,7174892,5565244,6177347,9581211,2324652,4132923,1582376,8435611,8643778,800831,1101782,4979392,4867322,9340550,1200484,8534874,4606493,9653293,5878747,319649,1113164,1460488,3414262,6310032,5062933,579654,9880206,2899979,800877,8089982,7453371,905463,4548858,3295331,6624281,3994840,6862378,3155311,4692432,2359428,8741587,5494311,7622115,7186260,4019898,6203836,9858643,6741253,2542307,1506454,426927,4495936,7234710,3502101,9980384,879261,4382577,9484728,6226522,1991626,8528945,1144854,6246733,479117,2956157
8904643,1121866,4915064,1078701,7366615,9906509,5909044,5105616,4492655,544838,9912333,6214296,3978701,4250194,3554419,6783523,5968508,9289702,8566246,3299228,4726788,2608393,1002091,2469493,1788139
9197846,6156297,2647609,488834,6929643,9095627,6638325,6601590,7141759,9578943,8839329,8010188,2117574,9752780,8757976,625856,4855363,5202627,8189675,3501385,2204272,2406647,5475677,431539,2773197,674089,1893370,1379431,2590654
